{"cameraMode":{"drawMode":0,"name":"Shaded","section":"Shading Mode"},"sceneLighting":false,"audioPlay":false,"sceneViewState":{"showFog":true,"showMaterialUpdate":true,"showSkybox":false,"showFlares":true,"showImageEffects":true,"showParticleSystems":true},"in2DMode":false,"pivot":{"x":-0.012420549988746643,"y":0.007121846079826355,"z":-0.003112584352493286},"rotation":{"x":-0.031258270144462588,"y":0.7309237122535706,"z":-0.03358730301260948,"w":-0.6809563636779785},"size":0.40663328766822817,"orthographic":false}