{"cameraMode":{"drawMode":0,"name":"Shaded","section":"Shading Mode"},"sceneLighting":false,"audioPlay":false,"sceneViewState":{"showFog":true,"showMaterialUpdate":true,"showSkybox":false,"showFlares":true,"showImageEffects":true,"showParticleSystems":true},"in2DMode":false,"pivot":{"x":41.56617736816406,"y":7.38389778137207,"z":52.170501708984378},"rotation":{"x":-0.05023590475320816,"y":0.943703830242157,"z":-0.1696857362985611,"w":-0.2795865535736084},"size":11.082054138183594,"orthographic":false}